{"cameraMode":{"drawMode":0,"name":"Shaded","section":"Shading Mode"},"sceneLighting":false,"audioPlay":false,"sceneViewState":{"showFog":true,"showMaterialUpdate":false,"showSkybox":false,"showFlares":true,"showImageEffects":true,"showParticleSystems":true,"showVisualEffectGraphs":true,"m_FxEnabled":false},"in2DMode":false,"pivot":{"x":-4.0740580558776859,"y":0.3286864161491394,"z":-3.037843942642212},"rotation":{"x":0.25263628363609316,"y":-0.05945669859647751,"z":0.015570729970932007,"w":0.9656124114990234},"size":3.1953682899475099,"orthographic":false}